workerId,task,index,rt,v,u,binned,shape,vsup,qV,qU,vError,uError,error,correct,condition
1,One,1,13044,0.45,0.1,discrete,arc,no,0.45,0.1,0,0,0,1,discretearc
1,One,2,21001,0.4,0.4,discrete,arc,no,0.4,0.4,0,0,0,1,discretearc
1,One,3,16546,0.2,0.1,discrete,arc,yes,0.2,0.1,0,0,0,1,vsupdiscretearc
1,One,7,5132,0.95,0.1,discrete,square,no,0.95,0.1,0,0,0,1,discretesquare
1,One,10,10032,0.95,0.1,discrete,arc,no,0.95,0.1,0,0,0,1,discretearc
1,One,8,7049,0.4,0.8,discrete,square,yes,0.4,0.8,0,0,0,1,vsupdiscretesquare
1,One,5,11663,0.7,0.4,discrete,arc,yes,0.7,0.4,0,0,0,1,vsupdiscretearc
1,One,12,13229,0.8,0.4,discrete,square,yes,0.8,0.4,0,0,0,1,vsupdiscretesquare
1,One,4,19600,0.95,0.1,discrete,square,no,0.95,0.1,0,0,0,1,discretesquare
1,One,13,5637,0.7,0.1,discrete,arc,yes,0.7,0.1,0,0,0,1,vsupdiscretearc
1,One,15,6340,0.8,0.6,discrete,square,yes,0.8,0.6,0,0,0,1,vsupdiscretesquare
2,One,1,15085,0.8,0.4,discrete,arc,yes,0.8,0.4,0,0,0,1,vsupdiscretearc
1,One,11,8105,0.3,0.6,discrete,square,yes,0.3,0.6,0,0,0,1,vsupdiscretesquare
1,One,16,7989,0.7,0.4,discrete,arc,no,0.7,0.4,0,0,0,1,discretearc
1,One,9,6087,0.7,0.1,discrete,arc,yes,0.7,0.1,0,0,0,1,vsupdiscretearc
2,One,5,22318,0.1,0.4,discrete,arc,no,0.1,0.4,0,0,0,1,discretearc
2,One,3,10554,0.8,0.4,discrete,square,yes,0.8,0.4,0,0,0,1,vsupdiscretesquare
1,One,14,6712,0.4,0.4,discrete,square,no,0.4,0.4,0,0,0,1,discretesquare
2,One,2,8700,0.45,0.1,discrete,arc,yes,0.45,0.1,0,0,0,1,vsupdiscretearc
2,One,7,26501,0.8,0.6,discrete,square,no,0.95,0.1,-0.15,0.5,0.35,0,discretesquare
2,One,10,9542,0.4,0.4,discrete,square,yes,0.4,0.4,0,0,0,1,vsupdiscretesquare
2,One,8,6610,0.2,0.1,discrete,square,no,0.2,0.1,0,0,0,1,discretesquare
2,One,12,8124,0.3,0.6,discrete,square,no,0.3,0.6,0,0,0,1,discretesquare
2,One,9,8383,0.45,0.1,discrete,square,yes,0.45,0.1,0,0,0,1,vsupdiscretesquare
2,One,6,9129,0.4,0.8,discrete,arc,yes,0.45,0.1,-0.05,0.7,0.65,0,vsupdiscretearc
2,One,11,11311,0.1,0.4,discrete,square,yes,0.1,0.4,0,0,0,1,vsupdiscretesquare
1,One,6,11366,0.3,0.6,discrete,square,no,0.3,0.6,0,0,0,1,discretesquare
3,One,1,20406,0.8,0.6,discrete,arc,no,0.8,0.6,0,0,0,1,discretearc
3,One,2,21207,0.3,0.6,discrete,arc,yes,0.3,0.6,0,0,0,1,vsupdiscretearc
2,One,4,11587,0.4,0.4,discrete,arc,no,0.3,0.6,0.1,-0.2,-0.1,0,discretearc
2,One,14,8591,0.7,0.4,discrete,arc,no,0.7,0.4,0,0,0,1,discretearc
3,One,4,15463,0.8,0.6,discrete,arc,no,0.8,0.6,0,0,0,1,discretearc
2,One,13,8688,0.1,0.4,discrete,square,no,0.1,0.4,0,0,0,1,discretesquare
3,One,5,13174,0.45,0.1,discrete,square,no,0.45,0.1,0,0,0,1,discretesquare
2,One,16,6014,0.45,0.1,discrete,arc,yes,0.2,0.1,0.25,0,0.25,0,vsupdiscretearc
2,One,15,8921,0.3,0.6,discrete,arc,no,0.3,0.6,0,0,0,1,discretearc
3,One,6,5578,0.95,0.1,discrete,square,no,0.95,0.1,0,0,0,1,discretesquare
3,One,10,13239,0.7,0.1,discrete,square,no,0.7,0.1,0,0,0,1,discretesquare
3,One,9,24348,0.1,0.4,discrete,arc,yes,0.2,0.1,-0.1,0.3,0.2,0,vsupdiscretearc
3,One,11,10433,0.7,0.1,discrete,square,yes,0.7,0.1,0,0,0,1,vsupdiscretesquare
3,One,13,17249,0.1,0.4,discrete,square,yes,0.1,0.4,0,0,0,1,vsupdiscretesquare
3,One,3,15566,0.3,0.6,discrete,square,yes,0.3,0.6,0,0,0,1,vsupdiscretesquare
3,One,14,22626,0.8,0.4,discrete,square,no,0.8,0.4,0,0,0,1,discretesquare
3,One,16,7988,0.8,0.4,discrete,arc,yes,0.8,0.4,0,0,0,1,vsupdiscretearc
3,One,8,5977,0.2,0.1,discrete,arc,no,0.2,0.1,0,0,0,1,discretearc
4,One,3,4964,0.7,0.4,discrete,square,yes,0.2,0.1,0.5,0.3,0.8,0,vsupdiscretesquare
4,One,4,23983,0.8,0.6,discrete,arc,no,0.45,0.1,0.35,0.5,0.85,0,discretearc
4,One,2,16516,0.95,0.1,discrete,square,no,0.3,0.6,0.65,-0.5,0.15,0,discretesquare
4,One,6,10891,0.8,0.4,discrete,arc,yes,0.4,0.8,0.4,-0.4,0,1,vsupdiscretearc
4,One,7,10081,0.8,0.4,discrete,arc,no,0.1,0.4,0.7,0,0.7,0,discretearc
3,One,15,7034,0.7,0.1,discrete,square,yes,0.7,0.1,0,0,0,1,vsupdiscretesquare
4,One,5,8532,0.4,0.4,discrete,square,no,0.45,0.1,-0.05,0.3,0.25,0,discretesquare
4,One,9,6861,0.3,0.6,discrete,square,no,0.7,0.1,-0.4,0.5,0.1,0,discretesquare
4,One,1,20762,0.8,0.4,discrete,square,no,0.45,0.1,0.35,0.3,0.65,0,discretesquare
3,One,12,5628,0.95,0.1,discrete,arc,no,0.95,0.1,0,0,0,1,discretearc
4,One,8,6778,0.8,0.4,discrete,arc,no,0.45,0.1,0.35,0.3,0.65,0,discretearc
4,One,10,5780,0.45,0.1,discrete,square,yes,0.3,0.6,0.15,-0.5,-0.35,0,vsupdiscretesquare
4,One,13,9123,0.4,0.8,discrete,arc,yes,0.7,0.1,-0.3,0.7,0.4,0,vsupdiscretearc
4,One,12,11605,0.2,0.1,discrete,square,yes,0.8,0.6,-0.6,-0.5,-1.1,0,vsupdiscretesquare
4,One,11,16252,0.3,0.6,discrete,arc,no,0.2,0.1,0.1,0.5,0.6,0,discretearc
4,One,15,7338,0.4,0.8,discrete,arc,yes,0.1,0.4,0.3,0.4,0.7,0,vsupdiscretearc
4,One,16,6300,0.8,0.6,discrete,square,yes,0.7,0.4,0.1,0.2,0.3,0,vsupdiscretesquare
5,One,3,16430,0.45,0.1,discrete,arc,yes,0.45,0.1,0,0,0,1,vsupdiscretearc
5,One,5,10136,0.45,0.1,discrete,arc,no,0.45,0.1,0,0,0,1,discretearc
5,One,2,15101,0.4,0.4,discrete,square,yes,0.4,0.4,0,0,0,1,vsupdiscretesquare
4,One,14,4187,0.7,0.4,discrete,arc,yes,0.45,0.1,0.25,0.3,0.55,0,vsupdiscretearc
5,One,1,33243,0.7,0.1,discrete,square,yes,0.7,0.1,0,0,0,1,vsupdiscretesquare
3,One,7,7996,0.45,0.1,discrete,arc,yes,0.45,0.1,0,0,0,1,vsupdiscretearc
5,One,4,12073,0.7,0.1,discrete,arc,yes,0.7,0.1,0,0,0,1,vsupdiscretearc
5,One,7,12731,0.95,0.1,discrete,arc,yes,0.95,0.1,0,0,0,1,vsupdiscretearc
5,One,9,9594,0.7,0.1,discrete,square,yes,0.7,0.1,0,0,0,1,vsupdiscretesquare
5,One,11,5689,0.8,0.6,discrete,square,no,0.8,0.6,0,0,0,1,discretesquare
5,One,6,11102,0.7,0.4,discrete,arc,no,0.7,0.4,0,0,0,1,discretearc
5,One,15,6916,0.7,0.1,discrete,square,no,0.7,0.1,0,0,0,1,discretesquare
5,One,13,8864,0.4,0.4,discrete,square,no,0.4,0.4,0,0,0,1,discretesquare
5,One,12,8402,0.8,0.4,discrete,arc,no,0.95,0.1,-0.15,0.3,0.15,0,discretearc
5,One,10,9787,0.8,0.4,discrete,arc,yes,0.8,0.4,0,0,0,1,vsupdiscretearc
5,One,8,11173,0.95,0.1,discrete,square,yes,0.95,0.1,0,0,0,1,vsupdiscretesquare
6,One,1,45116,0.8,0.4,discrete,arc,yes,0.8,0.4,0,0,0,1,vsupdiscretearc
6,One,2,23623,0.95,0.1,discrete,arc,yes,0.95,0.1,0,0,0,1,vsupdiscretearc
6,One,5,19835,0.7,0.1,discrete,square,yes,0.7,0.1,0,0,0,1,vsupdiscretesquare
6,One,4,29145,0.3,0.6,discrete,arc,no,0.3,0.6,0,0,0,1,discretearc
5,One,14,10205,0.3,0.6,discrete,square,no,0.3,0.6,0,0,0,1,discretesquare
6,One,6,15228,0.7,0.1,discrete,square,yes,0.7,0.1,0,0,0,1,vsupdiscretesquare
6,One,3,15936,0.1,0.4,discrete,square,no,0.1,0.4,0,0,0,1,discretesquare
5,One,16,6418,0.4,0.4,discrete,arc,no,0.4,0.4,0,0,0,1,discretearc
6,One,10,10096,0.1,0.4,discrete,arc,yes,0.1,0.4,0,0,0,1,vsupdiscretearc
6,One,7,12710,0.1,0.4,discrete,arc,yes,0.1,0.4,0,0,0,1,vsupdiscretearc
6,One,12,16616,0.8,0.4,discrete,square,no,0.8,0.6,0,-0.2,-0.2,0,discretesquare
6,One,14,10811,0.1,0.4,discrete,square,no,0.1,0.4,0,0,0,1,discretesquare
6,One,11,11534,0.7,0.1,discrete,arc,no,0.7,0.1,0,0,0,1,discretearc
6,One,15,18203,0.4,0.8,discrete,square,yes,0.4,0.8,0,0,0,1,vsupdiscretesquare
6,One,16,10715,0.95,0.1,discrete,square,no,0.95,0.1,0,0,0,1,discretesquare
6,One,9,11189,0.45,0.1,discrete,arc,no,0.45,0.1,0,0,0,1,discretearc
7,One,3,9960,0.8,0.6,discrete,square,yes,0.8,0.6,0,0,0,1,vsupdiscretesquare
7,One,1,31650,0.3,0.6,discrete,square,yes,0.3,0.6,0,0,0,1,vsupdiscretesquare
7,One,2,11041,0.1,0.4,discrete,square,yes,0.1,0.4,0,0,0,1,vsupdiscretesquare
7,One,5,8924,0.7,0.4,discrete,arc,no,0.7,0.4,0,0,0,1,discretearc
7,One,4,8470,0.8,0.6,discrete,arc,yes,0.8,0.6,0,0,0,1,vsupdiscretearc
7,One,6,5960,0.7,0.1,discrete,square,no,0.7,0.1,0,0,0,1,discretesquare
7,One,7,8571,0.4,0.4,discrete,arc,yes,0.4,0.4,0,0,0,1,vsupdiscretearc
7,One,9,11958,0.4,0.8,discrete,square,no,0.4,0.8,0,0,0,1,discretesquare
7,One,10,7700,0.8,0.4,discrete,arc,no,0.8,0.4,0,0,0,1,discretearc
7,One,8,6733,0.45,0.1,discrete,arc,no,0.45,0.1,0,0,0,1,discretearc
6,One,8,16048,0.4,0.4,discrete,arc,no,0.4,0.4,0,0,0,1,discretearc
7,One,11,6472,0.3,0.6,discrete,square,no,0.4,0.8,-0.1,-0.2,-0.3,0,discretesquare
6,One,13,26463,0.4,0.8,discrete,square,yes,0.4,0.8,0,0,0,1,vsupdiscretesquare
7,One,12,9209,0.7,0.1,discrete,arc,yes,0.7,0.1,0,0,0,1,vsupdiscretearc
8,One,2,20157,0.95,0.1,discrete,arc,yes,0.95,0.1,0,0,0,1,vsupdiscretearc
7,One,13,6234,0.95,0.1,discrete,arc,yes,0.95,0.1,0,0,0,1,vsupdiscretearc
7,One,15,11250,0.2,0.1,discrete,square,yes,0.2,0.1,0,0,0,1,vsupdiscretesquare
8,One,4,15657,0.7,0.1,discrete,square,no,0.7,0.1,0,0,0,1,discretesquare
8,One,1,23031,0.8,0.4,discrete,arc,no,0.8,0.4,0,0,0,1,discretearc
8,One,6,12652,0.2,0.1,discrete,square,no,0.2,0.1,0,0,0,1,discretesquare
7,One,14,4809,0.4,0.4,discrete,arc,no,0.4,0.4,0,0,0,1,discretearc
7,One,16,7131,0.7,0.4,discrete,square,no,0.7,0.4,0,0,0,1,discretesquare
8,One,8,26277,0.4,0.4,discrete,square,yes,0.4,0.4,0,0,0,1,vsupdiscretesquare
8,One,9,18659,0.3,0.6,discrete,arc,no,0.3,0.6,0,0,0,1,discretearc
8,One,11,15449,0.4,0.8,discrete,arc,no,0.4,0.8,0,0,0,1,discretearc
8,One,7,23417,0.45,0.1,discrete,square,yes,0.45,0.1,0,0,0,1,vsupdiscretesquare
8,One,12,13619,0.8,0.4,discrete,arc,yes,0.8,0.4,0,0,0,1,vsupdiscretearc
8,One,10,17903,0.8,0.6,discrete,square,yes,0.8,0.6,0,0,0,1,vsupdiscretesquare
8,One,3,31468,0.1,0.4,discrete,square,yes,0.1,0.4,0,0,0,1,vsupdiscretesquare
8,One,14,26776,0.8,0.4,discrete,arc,yes,0.8,0.4,0,0,0,1,vsupdiscretearc
8,One,5,18357,0.3,0.6,discrete,arc,no,0.4,0.4,-0.1,0.2,0.1,0,discretearc
8,One,13,15933,0.4,0.8,discrete,square,no,0.4,0.8,0,0,0,1,discretesquare
8,One,15,25723,0.7,0.4,discrete,square,no,0.7,0.4,0,0,0,1,discretesquare
9,One,5,45788,0.2,0.1,discrete,square,yes,0.2,0.1,0,0,0,1,vsupdiscretesquare
9,One,4,26088,0.4,0.8,discrete,arc,yes,0.4,0.8,0,0,0,1,vsupdiscretearc
9,One,1,39740,0.8,0.6,discrete,arc,yes,0.8,0.4,0,0.2,0.2,0,vsupdiscretearc
9,One,8,17451,0.3,0.6,discrete,arc,yes,0.1,0.4,0.2,0.2,0.4,0,vsupdiscretearc
9,One,6,29411,0.8,0.6,discrete,arc,no,0.8,0.6,0,0,0,1,discretearc
9,One,9,30327,0.8,0.6,discrete,arc,yes,0.8,0.6,0,0,0,1,vsupdiscretearc
9,One,7,18623,0.95,0.1,discrete,square,no,0.95,0.1,0,0,0,1,discretesquare
9,One,2,33241,0.1,0.4,discrete,square,yes,0.2,0.1,-0.1,0.3,0.2,0,vsupdiscretesquare
9,One,12,21848,0.8,0.6,discrete,square,no,0.8,0.6,0,0,0,1,discretesquare
9,One,3,17477,0.4,0.4,discrete,arc,no,0.4,0.4,0,0,0,1,discretearc
8,One,16,17050,0.8,0.6,discrete,arc,yes,0.8,0.6,0,0,0,1,vsupdiscretearc
9,One,13,23789,0.1,0.4,discrete,arc,no,0.1,0.4,0,0,0,1,discretearc
9,One,10,15269,0.3,0.6,discrete,square,yes,0.3,0.6,0,0,0,1,vsupdiscretesquare
9,One,14,15007,0.7,0.4,discrete,square,no,0.7,0.4,0,0,0,1,discretesquare
9,One,15,20007,0.2,0.1,discrete,arc,no,0.2,0.1,0,0,0,1,discretearc
10,One,4,14851,0.1,0.4,discrete,square,yes,0.2,0.1,-0.1,0.3,0.2,0,vsupdiscretesquare
9,One,16,21931,0.7,0.4,discrete,square,no,0.7,0.4,0,0,0,1,discretesquare
10,One,5,13759,0.4,0.8,discrete,arc,yes,0.95,0.1,-0.55,0.7,0.15,0,vsupdiscretearc
10,One,1,18937,0.7,0.4,discrete,arc,yes,0.8,0.4,-0.1,0,-0.1,0,vsupdiscretearc
10,One,3,12275,0.8,0.6,discrete,arc,yes,0.7,0.4,0.1,0.2,0.3,0,vsupdiscretearc
10,One,9,7900,0.4,0.8,discrete,square,yes,0.7,0.1,-0.3,0.7,0.4,0,vsupdiscretesquare
10,One,10,8591,0.3,0.6,discrete,square,yes,0.3,0.6,0,0,0,1,vsupdiscretesquare
10,One,7,11270,0.7,0.4,discrete,arc,no,0.7,0.4,0,0,0,1,discretearc
10,One,6,9757,0.8,0.4,discrete,square,no,0.8,0.6,0,-0.2,-0.2,0,discretesquare
10,One,2,13003,0.8,0.4,discrete,arc,no,0.8,0.6,0,-0.2,-0.2,0,discretearc
10,One,14,6093,0.2,0.1,discrete,arc,no,0.2,0.1,0,0,0,1,discretearc
10,One,13,7340,0.45,0.1,discrete,square,yes,0.45,0.1,0,0,0,1,vsupdiscretesquare
10,One,15,4935,0.1,0.4,discrete,square,no,0.1,0.4,0,0,0,1,discretesquare
11,One,1,26787,0.7,0.1,discrete,arc,yes,0.7,0.1,0,0,0,1,vsupdiscretearc
10,One,12,8232,0.8,0.6,discrete,square,no,0.8,0.4,0,0.2,0.2,0,discretesquare
11,One,2,19200,0.45,0.1,discrete,square,yes,0.45,0.1,0,0,0,1,vsupdiscretesquare
9,One,11,15814,0.8,0.6,discrete,square,yes,0.8,0.6,0,0,0,1,vsupdiscretesquare
10,One,16,10578,0.2,0.1,discrete,arc,yes,0.2,0.1,0,0,0,1,vsupdiscretearc
11,One,6,11743,0.7,0.4,discrete,arc,no,0.7,0.4,0,0,0,1,discretearc
11,One,4,13251,0.8,0.4,discrete,arc,yes,0.8,0.4,0,0,0,1,vsupdiscretearc
11,One,5,14586,0.3,0.6,discrete,arc,yes,0.3,0.6,0,0,0,1,vsupdiscretearc
10,One,11,15157,0.8,0.6,discrete,arc,no,0.8,0.6,0,0,0,1,discretearc
11,One,10,7868,0.3,0.6,discrete,arc,yes,0.3,0.6,0,0,0,1,vsupdiscretearc
10,One,8,15670,0.4,0.8,discrete,square,no,0.4,0.8,0,0,0,1,discretesquare
11,One,11,6615,0.95,0.1,discrete,arc,no,0.95,0.1,0,0,0,1,discretearc
11,One,3,24094,0.3,0.6,discrete,arc,no,0.3,0.6,0,0,0,1,discretearc
11,One,12,10576,0.95,0.1,discrete,square,no,0.95,0.1,0,0,0,1,discretesquare
11,One,8,51016,0.4,0.8,discrete,square,no,0.4,0.8,0,0,0,1,discretesquare
11,One,14,5975,0.4,0.4,discrete,square,yes,0.4,0.4,0,0,0,1,vsupdiscretesquare
11,One,13,7133,0.1,0.4,discrete,arc,no,0.1,0.4,0,0,0,1,discretearc
11,One,15,15395,0.2,0.1,discrete,square,yes,0.2,0.1,0,0,0,1,vsupdiscretesquare
11,One,16,8817,0.4,0.4,discrete,square,no,0.4,0.4,0,0,0,1,discretesquare
12,One,2,13192,0.7,0.1,discrete,square,yes,0.7,0.1,0,0,0,1,vsupdiscretesquare
12,One,3,8978,0.4,0.4,discrete,square,no,0.4,0.4,0,0,0,1,discretesquare
12,One,5,9046,0.8,0.4,discrete,arc,yes,0.8,0.4,0,0,0,1,vsupdiscretearc
11,One,9,7935,0.1,0.4,discrete,square,yes,0.1,0.4,0,0,0,1,vsupdiscretesquare
11,One,7,21598,0.8,0.6,discrete,square,no,0.8,0.6,0,0,0,1,discretesquare
12,One,7,6542,0.7,0.1,discrete,arc,no,0.7,0.1,0,0,0,1,discretearc
12,One,9,16755,0.1,0.4,discrete,square,yes,0.1,0.4,0,0,0,1,vsupdiscretesquare
12,One,8,5771,0.95,0.1,discrete,square,no,0.95,0.1,0,0,0,1,discretesquare
12,One,4,7322,0.4,0.8,discrete,arc,no,0.4,0.8,0,0,0,1,discretearc
12,One,10,6449,0.7,0.1,discrete,arc,yes,0.7,0.1,0,0,0,1,vsupdiscretearc
12,One,12,7473,0.8,0.6,discrete,square,no,0.8,0.6,0,0,0,1,discretesquare
12,One,15,8476,0.45,0.1,discrete,square,yes,0.45,0.1,0,0,0,1,vsupdiscretesquare
12,One,11,7356,0.3,0.6,discrete,arc,no,0.4,0.4,-0.1,0.2,0.1,0,discretearc
13,One,1,54806,0.8,0.4,discrete,arc,yes,0.8,0.4,0,0,0,1,vsupdiscretearc
13,One,2,25963,0.8,0.6,discrete,arc,no,0.95,0.1,-0.15,0.5,0.35,0,discretearc
12,One,13,7244,0.8,0.6,discrete,arc,yes,0.8,0.6,0,0,0,1,vsupdiscretearc
12,One,6,10011,0.7,0.1,discrete,square,yes,0.7,0.1,0,0,0,1,vsupdiscretesquare
12,One,1,11249,0.4,0.4,discrete,square,no,0.4,0.4,0,0,0,1,discretesquare
12,One,16,6220,0.8,0.6,discrete,arc,yes,0.8,0.6,0,0,0,1,vsupdiscretearc
13,One,7,25555,0.2,0.1,discrete,square,yes,0.8,0.6,-0.6,-0.5,-1.1,0,vsupdiscretesquare
13,One,3,45556,0.4,0.8,discrete,arc,yes,0.4,0.8,0,0,0,1,vsupdiscretearc
13,One,5,13017,0.95,0.1,discrete,square,no,0.45,0.1,0.5,0,0.5,0,discretesquare
13,One,4,23229,0.3,0.6,discrete,square,yes,0.45,0.1,-0.15,0.5,0.35,0,vsupdiscretesquare
13,One,8,39964,0.7,0.4,discrete,square,no,0.2,0.1,0.5,0.3,0.8,0,discretesquare
13,One,11,34207,0.95,0.1,discrete,square,no,0.45,0.1,0.5,0,0.5,0,discretesquare
13,One,6,85159,0.95,0.1,discrete,arc,no,0.8,0.6,0.15,-0.5,-0.35,0,discretearc
13,One,9,25863,0.8,0.6,discrete,arc,yes,0.3,0.6,0.5,0,0.5,0,vsupdiscretearc
13,One,12,30778,0.2,0.1,discrete,square,no,0.2,0.1,0,0,0,1,discretesquare
13,One,10,32425,0.4,0.8,discrete,square,yes,0.4,0.8,0,0,0,1,vsupdiscretesquare
13,One,16,13616,0.8,0.4,discrete,arc,yes,0.7,0.4,0.1,0,0.1,0,vsupdiscretearc
13,One,15,23887,0.8,0.6,discrete,square,yes,0.4,0.8,0.4,-0.2,0.2,0,vsupdiscretesquare
13,One,14,29225,0.1,0.4,discrete,arc,no,0.45,0.1,-0.35,0.3,-0.05,0,discretearc
12,One,14,8712,0.45,0.1,discrete,arc,no,0.45,0.1,0,0,0,1,discretearc
14,One,3,7874,0.4,0.8,discrete,arc,yes,0.45,0.1,-0.05,0.7,0.65,0,vsupdiscretearc
13,One,13,19603,0.45,0.1,discrete,arc,no,0.45,0.1,0,0,0,1,discretearc
14,One,2,14146,0.4,0.4,discrete,arc,no,0.45,0.1,-0.05,0.3,0.25,0,discretearc
14,One,5,8840,0.4,0.8,discrete,square,yes,0.95,0.1,-0.55,0.7,0.15,0,vsupdiscretesquare
14,One,7,16216,0.3,0.6,discrete,square,no,0.3,0.6,0,0,0,1,discretesquare
14,One,9,10191,0.7,0.1,discrete,square,yes,0.7,0.1,0,0,0,1,vsupdiscretesquare
14,One,10,19822,0.4,0.4,discrete,arc,yes,0.4,0.4,0,0,0,1,vsupdiscretearc
14,One,12,10851,0.1,0.4,discrete,arc,no,0.2,0.1,-0.1,0.3,0.2,0,discretearc
14,One,4,10771,0.4,0.8,discrete,square,yes,0.7,0.1,-0.3,0.7,0.4,0,vsupdiscretesquare
14,One,1,25754,0.4,0.8,discrete,arc,yes,0.4,0.8,0,0,0,1,vsupdiscretearc
14,One,11,7598,0.8,0.6,discrete,square,no,0.8,0.6,0,0,0,1,discretesquare
14,One,16,8361,0.95,0.1,discrete,square,no,0.95,0.1,0,0,0,1,discretesquare
14,One,14,18297,0.1,0.4,discrete,arc,yes,0.1,0.4,0,0,0,1,vsupdiscretearc
14,One,8,8964,0.3,0.6,discrete,arc,no,0.4,0.4,-0.1,0.2,0.1,0,discretearc
15,One,1,32159,0.7,0.1,discrete,square,no,0.7,0.1,0,0,0,1,discretesquare
15,One,2,13853,0.4,0.4,discrete,arc,no,0.3,0.6,0.1,-0.2,-0.1,0,discretearc
14,One,6,9593,0.4,0.8,discrete,arc,no,0.4,0.8,0,0,0,1,discretearc
15,One,5,12135,0.2,0.1,discrete,square,yes,0.2,0.1,0,0,0,1,vsupdiscretesquare
14,One,13,16727,0.45,0.1,discrete,square,yes,0.45,0.1,0,0,0,1,vsupdiscretesquare
15,One,8,11094,0.2,0.1,discrete,arc,yes,0.2,0.1,0,0,0,1,vsupdiscretearc
15,One,3,21553,0.45,0.1,discrete,arc,yes,0.45,0.1,0,0,0,1,vsupdiscretearc
15,One,4,16756,0.45,0.1,discrete,arc,no,0.45,0.1,0,0,0,1,discretearc
15,One,6,9806,0.95,0.1,discrete,square,no,0.95,0.1,0,0,0,1,discretesquare
15,One,10,39269,0.3,0.6,discrete,arc,yes,0.3,0.6,0,0,0,1,vsupdiscretearc
15,One,13,7650,0.95,0.1,discrete,square,yes,0.95,0.1,0,0,0,1,vsupdiscretesquare
15,One,7,54246,0.8,0.4,discrete,square,no,0.8,0.4,0,0,0,1,discretesquare
15,One,14,10211,0.95,0.1,discrete,square,no,0.95,0.1,0,0,0,1,discretesquare
14,One,15,12569,0.2,0.1,discrete,square,no,0.2,0.1,0,0,0,1,discretesquare
15,One,15,6866,0.7,0.1,discrete,arc,yes,0.7,0.1,0,0,0,1,vsupdiscretearc
16,One,1,19922,0.4,0.4,discrete,arc,yes,0.4,0.4,0,0,0,1,vsupdiscretearc
15,One,11,8532,0.3,0.6,discrete,arc,no,0.3,0.6,0,0,0,1,discretearc
15,One,12,10419,0.7,0.1,discrete,arc,no,0.7,0.1,0,0,0,1,discretearc
15,One,9,11142,0.4,0.4,discrete,square,yes,0.4,0.4,0,0,0,1,vsupdiscretesquare
16,One,2,15811,0.8,0.6,discrete,square,yes,0.8,0.6,0,0,0,1,vsupdiscretesquare
16,One,7,8684,0.1,0.4,discrete,square,no,0.1,0.4,0,0,0,1,discretesquare
16,One,6,8426,0.7,0.1,discrete,arc,no,0.7,0.1,0,0,0,1,discretearc
16,One,9,8319,0.4,0.4,discrete,arc,yes,0.4,0.4,0,0,0,1,vsupdiscretearc
16,One,4,10727,0.4,0.8,discrete,arc,yes,0.4,0.8,0,0,0,1,vsupdiscretearc
16,One,8,9880,0.2,0.1,discrete,arc,no,0.2,0.1,0,0,0,1,discretearc
16,One,5,8994,0.7,0.4,discrete,square,yes,0.7,0.4,0,0,0,1,vsupdiscretesquare
16,One,10,9997,0.4,0.8,discrete,arc,no,0.4,0.8,0,0,0,1,discretearc
16,One,3,13476,0.3,0.6,discrete,square,no,0.3,0.6,0,0,0,1,discretesquare
16,One,13,8164,0.95,0.1,discrete,arc,no,0.95,0.1,0,0,0,1,discretearc
16,One,16,9252,0.95,0.1,discrete,square,yes,0.95,0.1,0,0,0,1,vsupdiscretesquare
16,One,12,9922,0.4,0.8,discrete,arc,yes,0.4,0.8,0,0,0,1,vsupdiscretearc
15,One,16,4710,0.95,0.1,discrete,square,yes,0.95,0.1,0,0,0,1,vsupdiscretesquare
16,One,14,7837,0.3,0.6,discrete,square,no,0.3,0.6,0,0,0,1,discretesquare
17,One,2,39025,0.3,0.6,discrete,arc,yes,0.45,0.1,-0.15,0.5,0.35,0,vsupdiscretearc
16,One,11,9243,0.8,0.6,discrete,square,no,0.8,0.4,0,0.2,0.2,0,discretesquare
17,One,5,14997,0.7,0.1,discrete,square,yes,0.7,0.1,0,0,0,1,vsupdiscretesquare
17,One,6,9317,0.95,0.1,discrete,arc,no,0.95,0.1,0,0,0,1,discretearc
17,One,1,15298,0.8,0.4,discrete,arc,yes,0.8,0.6,0,-0.2,-0.2,0,vsupdiscretearc
17,One,8,6597,0.95,0.1,discrete,square,yes,0.95,0.1,0,0,0,1,vsupdiscretesquare
17,One,9,11423,0.1,0.4,discrete,arc,no,0.1,0.4,0,0,0,1,discretearc
16,One,15,8564,0.7,0.1,discrete,square,yes,0.7,0.1,0,0,0,1,vsupdiscretesquare
17,One,3,15698,0.4,0.4,discrete,square,yes,0.7,0.4,-0.3,0,-0.3,0,vsupdiscretesquare
17,One,10,13418,0.1,0.4,discrete,arc,no,0.1,0.4,0,0,0,1,discretearc
17,One,11,8205,0.4,0.8,discrete,arc,yes,0.4,0.8,0,0,0,1,vsupdiscretearc
17,One,7,5388,0.7,0.1,discrete,square,no,0.7,0.1,0,0,0,1,discretesquare
18,One,1,4548,0.4,0.8,discrete,square,no,0.1,0.4,0.3,0.4,0.7,0,discretesquare
17,One,12,9506,0.4,0.4,discrete,arc,yes,0.4,0.4,0,0,0,1,vsupdiscretearc
17,One,13,5617,0.7,0.4,discrete,square,yes,0.7,0.4,0,0,0,1,vsupdiscretesquare
18,One,4,38369,0.95,0.1,discrete,arc,no,0.7,0.4,0.25,-0.3,-0.05,0,discretearc
18,One,5,406587,0.1,0.4,discrete,arc,yes,0.4,0.8,-0.3,-0.4,-0.7,0,vsupdiscretearc
18,One,2,24998,0.7,0.4,discrete,square,yes,0.7,0.4,0,0,0,1,vsupdiscretesquare
17,One,4,15990,0.1,0.4,discrete,square,no,0.1,0.4,0,0,0,1,discretesquare
17,One,16,12068,0.4,0.4,discrete,square,no,0.4,0.4,0,0,0,1,discretesquare
18,One,9,9880,0.8,0.4,discrete,square,yes,0.4,0.4,0.4,0,0.4,0,vsupdiscretesquare
18,One,10,5837,0.95,0.1,discrete,arc,yes,0.95,0.1,0,0,0,1,vsupdiscretearc
18,One,6,17254,0.7,0.4,discrete,arc,no,0.7,0.4,0,0,0,1,discretearc
18,One,8,3804,0.4,0.4,discrete,arc,yes,0.95,0.1,-0.55,0.3,-0.25,0,vsupdiscretearc
18,One,3,10532,0.8,0.4,discrete,square,yes,0.2,0.1,0.6,0.3,0.9,0,vsupdiscretesquare
18,One,12,14435,0.45,0.1,discrete,square,no,0.7,0.4,-0.25,-0.3,-0.55,0,discretesquare
18,One,7,11412,0.8,0.4,discrete,arc,no,0.8,0.4,0,0,0,1,discretearc
18,One,14,7390,0.95,0.1,discrete,square,no,0.4,0.4,0.55,-0.3,0.25,0,discretesquare
18,One,13,7179,0.8,0.6,discrete,arc,yes,0.3,0.6,0.5,0,0.5,0,vsupdiscretearc
17,One,14,9156,0.45,0.1,discrete,arc,no,0.45,0.1,0,0,0,1,discretearc
19,One,1,24417,0.3,0.6,discrete,arc,no,0.3,0.6,0,0,0,1,discretearc
18,One,11,23522,0.7,0.1,discrete,arc,no,0.7,0.1,0,0,0,1,discretearc
19,One,3,6431,0.3,0.6,discrete,square,yes,0.3,0.6,0,0,0,1,vsupdiscretesquare
18,One,16,9286,0.95,0.1,discrete,square,no,0.2,0.1,0.75,0,0.75,0,discretesquare
19,One,2,6748,0.7,0.4,discrete,square,no,0.7,0.1,0,0.3,0.3,0,discretesquare
19,One,4,7331,0.3,0.6,discrete,square,no,0.3,0.6,0,0,0,1,discretesquare
19,One,6,9899,0.8,0.4,discrete,arc,no,0.8,0.6,0,-0.2,-0.2,0,discretearc
19,One,5,8201,0.8,0.6,discrete,arc,yes,0.8,0.6,0,0,0,1,vsupdiscretearc
18,One,15,27341,0.95,0.1,discrete,square,yes,0.2,0.1,0.75,0,0.75,0,vsupdiscretesquare
19,One,11,5300,0.8,0.4,discrete,arc,no,0.8,0.4,0,0,0,1,discretearc
19,One,13,9932,0.3,0.6,discrete,square,yes,0.3,0.6,0,0,0,1,vsupdiscretesquare
19,One,14,13883,0.1,0.4,discrete,square,yes,0.1,0.4,0,0,0,1,vsupdiscretesquare
19,One,7,6965,0.8,0.6,discrete,arc,yes,0.7,0.4,0.1,0.2,0.3,0,vsupdiscretearc
19,One,16,9500,0.1,0.4,discrete,arc,yes,0.1,0.4,0,0,0,1,vsupdiscretearc
19,One,12,8715,0.4,0.8,discrete,square,yes,0.45,0.1,-0.05,0.7,0.65,0,vsupdiscretesquare
19,One,8,7119,0.4,0.8,discrete,arc,yes,0.95,0.1,-0.55,0.7,0.15,0,vsupdiscretearc
19,One,10,8966,0.3,0.6,discrete,square,no,0.4,0.4,-0.1,0.2,0.1,0,discretesquare
20,One,2,6602,0.8,0.6,discrete,square,yes,0.8,0.6,0,0,0,1,vsupdiscretesquare
20,One,4,4261,0.8,0.6,discrete,arc,no,0.8,0.6,0,0,0,1,discretearc
19,One,15,14193,0.7,0.1,discrete,arc,no,0.7,0.1,0,0,0,1,discretearc
20,One,6,5412,0.2,0.1,discrete,arc,yes,0.2,0.1,0,0,0,1,vsupdiscretearc
20,One,1,6292,0.45,0.1,discrete,arc,yes,0.45,0.1,0,0,0,1,vsupdiscretearc
20,One,5,5053,0.8,0.6,discrete,square,yes,0.8,0.6,0,0,0,1,vsupdiscretesquare
20,One,8,5964,0.8,0.6,discrete,arc,yes,0.8,0.4,0,0.2,0.2,0,vsupdiscretearc
20,One,3,6508,0.2,0.1,discrete,square,no,0.2,0.1,0,0,0,1,discretesquare
19,One,9,6149,0.7,0.4,discrete,square,no,0.7,0.4,0,0,0,1,discretesquare
20,One,9,3781,0.1,0.4,discrete,square,no,0.1,0.4,0,0,0,1,discretesquare
20,One,12,5452,0.4,0.4,discrete,square,yes,0.4,0.4,0,0,0,1,vsupdiscretesquare
20,One,11,4733,0.45,0.1,discrete,square,yes,0.45,0.1,0,0,0,1,vsupdiscretesquare
20,One,13,4506,0.8,0.6,discrete,arc,no,0.8,0.6,0,0,0,1,discretearc
20,One,16,4653,0.8,0.4,discrete,arc,no,0.8,0.4,0,0,0,1,discretearc
20,One,10,7443,0.4,0.4,discrete,arc,yes,0.4,0.4,0,0,0,1,vsupdiscretearc
21,One,1,1017,0.1,0.4,discrete,arc,yes,0.3,0.6,-0.2,-0.2,-0.4,0,vsupdiscretearc
20,One,14,5116,0.3,0.6,discrete,square,no,0.3,0.6,0,0,0,1,discretesquare
21,One,2,695,0.7,0.4,discrete,square,no,0.4,0.8,0.3,-0.4,-0.1,0,discretesquare
21,One,4,377,0.95,0.1,discrete,square,no,0.7,0.4,0.25,-0.3,-0.05,0,discretesquare
21,One,3,476,0.1,0.4,discrete,arc,yes,0.1,0.4,0,0,0,1,vsupdiscretearc
21,One,5,427,0.7,0.1,discrete,arc,yes,0.4,0.4,0.3,-0.3,-1.11E-16,0,vsupdiscretearc
20,One,7,5701,0.8,0.4,discrete,arc,no,0.8,0.4,0,0,0,1,discretearc
21,One,8,426,0.45,0.1,discrete,square,yes,0.8,0.6,-0.35,-0.5,-0.85,0,vsupdiscretesquare
21,One,9,500,0.3,0.6,discrete,arc,no,0.3,0.6,0,0,0,1,discretearc
21,One,12,390,0.1,0.4,discrete,square,yes,0.45,0.1,-0.35,0.3,-0.05,0,vsupdiscretesquare
21,One,10,426,0.1,0.4,discrete,square,no,0.8,0.6,-0.7,-0.2,-0.9,0,discretesquare
20,One,15,4876,0.4,0.4,discrete,square,no,0.4,0.4,0,0,0,1,discretesquare
21,One,11,498,0.2,0.1,discrete,arc,no,0.8,0.4,-0.6,-0.3,-0.9,0,discretearc
21,One,7,487,0.8,0.4,discrete,square,yes,0.4,0.8,0.4,-0.4,0,1,vsupdiscretesquare
21,One,6,733,0.8,0.6,discrete,arc,no,0.45,0.1,0.35,0.5,0.85,0,discretearc
21,One,16,402,0.8,0.4,discrete,arc,no,0.7,0.1,0.1,0.3,0.4,0,discretearc
21,One,13,633,0.4,0.8,discrete,square,no,0.2,0.1,0.2,0.7,0.9,0,discretesquare
22,One,4,13994,0.1,0.4,discrete,square,no,0.45,0.1,-0.35,0.3,-0.05,0,discretesquare
22,One,1,34882,0.4,0.4,discrete,square,yes,0.7,0.4,-0.3,0,-0.3,0,vsupdiscretesquare
21,One,14,352,0.1,0.4,discrete,arc,yes,0.1,0.4,0,0,0,1,vsupdiscretearc
22,One,6,6169,0.8,0.4,discrete,arc,yes,0.95,0.1,-0.15,0.3,0.15,0,vsupdiscretearc
22,One,3,13530,0.7,0.1,discrete,arc,yes,0.1,0.4,0.6,-0.3,0.3,0,vsupdiscretearc
22,One,5,14382,0.7,0.1,discrete,arc,yes,0.7,0.4,0,-0.3,-0.3,0,vsupdiscretearc
22,One,11,8739,0.8,0.6,discrete,square,no,0.45,0.1,0.35,0.5,0.85,0,discretesquare
22,One,9,7267,0.1,0.4,discrete,arc,no,0.2,0.1,-0.1,0.3,0.2,0,discretearc
22,One,10,5682,0.2,0.1,discrete,square,yes,0.45,0.1,-0.25,0,-0.25,0,vsupdiscretesquare
22,One,7,5731,0.2,0.1,discrete,square,no,0.7,0.1,-0.5,0,-0.5,0,discretesquare
22,One,15,11364,0.8,0.4,discrete,arc,no,0.3,0.6,0.5,-0.2,0.3,0,discretearc
21,One,15,402,0.45,0.1,discrete,square,yes,0.8,0.4,-0.35,-0.3,-0.65,0,vsupdiscretesquare
22,One,12,5818,0.7,0.4,discrete,square,yes,0.7,0.1,0,0.3,0.3,0,vsupdiscretesquare
23,One,1,7794,0.8,0.4,discrete,arc,yes,0.8,0.4,0,0,0,1,vsupdiscretearc
22,One,16,5299,0.4,0.4,discrete,arc,no,0.95,0.1,-0.55,0.3,-0.25,0,discretearc
22,One,2,23865,0.45,0.1,discrete,arc,yes,0.4,0.4,0.05,-0.3,-0.25,0,vsupdiscretearc
22,One,14,8347,0.3,0.6,discrete,square,no,0.3,0.6,0,0,0,1,discretesquare
23,One,3,9180,0.7,0.4,discrete,arc,no,0.3,0.6,0.4,-0.2,0.2,0,discretearc
23,One,2,14827,0.4,0.8,discrete,square,yes,0.45,0.1,-0.05,0.7,0.65,0,vsupdiscretesquare
22,One,13,7410,0.2,0.1,discrete,square,yes,0.95,0.1,-0.75,0,-0.75,0,vsupdiscretesquare
23,One,6,9759,0.8,0.4,discrete,arc,no,0.95,0.1,-0.15,0.3,0.15,0,discretearc
23,One,9,7723,0.45,0.1,discrete,arc,yes,0.45,0.1,0,0,0,1,vsupdiscretearc
23,One,7,13263,0.95,0.1,discrete,arc,yes,0.95,0.1,0,0,0,1,vsupdiscretearc
23,One,12,8889,0.45,0.1,discrete,square,no,0.2,0.1,0.25,0,0.25,0,discretesquare
23,One,10,18582,0.1,0.4,discrete,square,yes,0.1,0.4,0,0,0,1,vsupdiscretesquare
23,One,4,9705,0.8,0.4,discrete,arc,yes,0.8,0.6,0,-0.2,-0.2,0,vsupdiscretearc
23,One,5,9131,0.45,0.1,discrete,square,no,0.4,0.8,0.05,-0.7,-0.65,0,discretesquare
23,One,14,12247,0.8,0.6,discrete,square,yes,0.8,0.6,0,0,0,1,vsupdiscretesquare
23,One,15,8375,0.8,0.6,discrete,square,no,0.8,0.6,0,0,0,1,discretesquare
23,One,8,58737,0.95,0.1,discrete,arc,no,0.95,0.1,0,0,0,1,discretearc
23,One,11,32368,0.4,0.8,discrete,square,yes,0.4,0.8,0,0,0,1,vsupdiscretesquare
24,One,1,12822,0.8,0.6,discrete,arc,no,0.7,0.4,0.1,0.2,0.3,0,discretearc
24,One,3,8987,0.8,0.4,discrete,square,no,0.8,0.4,0,0,0,1,discretesquare
24,One,7,9687,0.4,0.4,discrete,square,no,0.4,0.4,0,0,0,1,discretesquare
24,One,6,10025,0.3,0.6,discrete,square,yes,0.3,0.6,0,0,0,1,vsupdiscretesquare
23,One,13,9621,0.8,0.4,discrete,square,no,0.7,0.1,0.1,0.3,0.4,0,discretesquare
24,One,8,5582,0.8,0.4,discrete,arc,no,0.8,0.4,0,0,0,1,discretearc
24,One,11,86910,0.7,0.1,discrete,arc,yes,0.7,0.4,0,-0.3,-0.3,0,vsupdiscretearc
24,One,4,7200,0.95,0.1,discrete,arc,yes,0.95,0.1,0,0,0,1,vsupdiscretearc
24,One,13,14179,0.7,0.1,discrete,square,no,0.4,0.4,0.3,-0.3,-1.11E-16,0,discretesquare
24,One,10,16975,0.1,0.4,discrete,square,yes,0.1,0.4,0,0,0,1,vsupdiscretesquare
24,One,2,40529,0.8,0.4,discrete,square,yes,0.1,0.4,0.7,0,0.7,0,vsupdiscretesquare
23,One,16,7926,0.3,0.6,discrete,arc,no,0.4,0.4,-0.1,0.2,0.1,0,discretearc
24,One,14,44627,0.3,0.6,discrete,arc,yes,0.3,0.6,0,0,0,1,vsupdiscretearc
24,One,16,5305,0.1,0.4,discrete,arc,no,0.1,0.4,0,0,0,1,discretearc
24,One,9,20595,0.1,0.4,discrete,square,yes,0.1,0.4,0,0,0,1,vsupdiscretesquare
24,One,12,4391,0.7,0.4,discrete,arc,no,0.7,0.4,0,0,0,1,discretearc
24,One,15,13914,0.3,0.6,discrete,square,no,0.4,0.8,-0.1,-0.2,-0.3,0,discretesquare
22,One,8,6026,0.3,0.6,discrete,arc,no,0.7,0.4,-0.4,0.2,-0.2,0,discretearc
24,One,5,19353,0.95,0.1,discrete,arc,yes,0.7,0.1,0.25,0,0.25,0,vsupdiscretearc
17,One,15,11443,0.45,0.1,discrete,square,no,0.45,0.1,0,0,0,1,discretesquare